{
    "mean": [
        8.499532,
        5.4055405,
        3.0939915,
        0.6329266800000002,
        2.574895839999999,
        27.336321415000008
    ],
    "scale": [
        10.927884734978496,
        7.829560422070945,
        5.454470377399417,
        0.26518789705448015,
        2.612139229281374,
        58.77981305640197
    ],
    "features": [
        "total_shots",
        "hits",
        "misses",
        "accuracy",
        "average_shot_time",
        "training_time"
    ]
}